{"cameraMode":{"drawMode":0,"name":"Shaded","section":"Shading Mode"},"sceneLighting":true,"audioPlay":false,"sceneViewState":{"showFog":true,"showMaterialUpdate":false,"showSkybox":true,"showFlares":true,"showImageEffects":true,"showParticleSystems":true},"in2DMode":false,"pivot":{"x":-1.3152015209197999,"y":6.144078254699707,"z":-5.302181720733643},"rotation":{"x":-0.001117489067837596,"y":0.9986239075660706,"z":-0.04865604639053345,"w":-0.021855104714632036},"size":6.076542854309082,"orthographic":false}